<?xml version="1.0" encoding="ISO-8859-1" ?>
<slideshow>
<image>
  <src>simple1.jpg</src>
  <link>http://www.lightenna.com/</link>
  <caption>say something</caption>
  <text>
    <size>24</size>
    <startx>220</startx>
    <starty>200</starty>
  </text>
</image>
<image>
  <src>simple2.jpg</src>
  <link>http://www.whatithinkof.com/</link>
  <caption>say anything</caption>
  <text>
    <colour>0x990000</colour>
    <size>36</size>
    <startx>50</startx>
    <starty>50</starty>
  </text>
</image>
<image>
  <src>simple3.jpg</src>
  <link>http://www.almahouse.com/</link>
  <caption>click me</caption>
  <text>
    <colour>0x009900</colour>
    <size>40</size>
    <startx>300</startx>
    <starty>240</starty>
  </text>
</image>
</slideshow>
